[
  {
    "value": "bus",
    "synonyms": [
      "bus",
      "buss",
      "bussar",
      "bussarna",
      "bussen"
    ]
  },
  {
    "value": "ferry",
    "synonyms": [
      "båt",
      "båten",
      "ferry"
    ]
  },
  {
    "value": "metro",
    "synonyms": [
      "metro",
      "tunnelbana",
      "tunnelbanan"
    ]
  },
  {
    "value": "train",
    "synonyms": [
      "pendeltåg",
      "pendeltåget",
      "snabbtåg",
      "train",
      "tåg",
      "tåget"
    ]
  },
  {
    "value": "tram",
    "synonyms": [
      "spårväg",
      "tram",
      "tvärbanan"
    ]
  }
]