[
  {
    "id": "eefc9c73-db3b-42ae-acc8-e70ca95c1c4b",
    "data": [
      {
        "text": "Are the ",
        "userDefined": false
      },
      {
        "text": "trains",
        "alias": "transportation-method",
        "meta": "@transportation-method",
        "userDefined": true
      },
      {
        "text": " running as usual?",
        "userDefined": false
      }
    ],
    "isTemplate": false,
    "count": 0,
    "updated": 1547806333
  },
  {
    "id": "243dc8ca-f9a8-4b96-8863-88e492a193f3",
    "data": [
      {
        "text": "Is there anything special I should know about the ",
        "userDefined": false
      },
      {
        "text": "bus",
        "alias": "transportation-method",
        "meta": "@transportation-method",
        "userDefined": true
      },
      {
        "text": " today?",
        "userDefined": false
      }
    ],
    "isTemplate": false,
    "count": 0,
    "updated": 1547806333
  },
  {
    "id": "90cfeac4-dbde-47cc-bd04-ac2a1fde5349",
    "data": [
      {
        "text": "Are there any issues right now?",
        "userDefined": false
      }
    ],
    "isTemplate": false,
    "count": 0,
    "updated": 1547805835
  },
  {
    "id": "4948d81c-37ce-4ca5-8241-fc5820c39688",
    "data": [
      {
        "text": "Are there problems with the ",
        "userDefined": false
      },
      {
        "text": "metro",
        "alias": "transportation-method",
        "meta": "@transportation-method",
        "userDefined": false
      }
    ],
    "isTemplate": false,
    "count": 0,
    "updated": 1547805835
  },
  {
    "id": "c1ab787e-867d-4deb-9bb7-cd5cf36dc875",
    "data": [
      {
        "text": "What\u0027s the status of the ",
        "userDefined": false
      },
      {
        "text": "train",
        "alias": "transportation-method",
        "meta": "@transportation-method",
        "userDefined": false
      }
    ],
    "isTemplate": false,
    "count": 0,
    "updated": 1547805835
  }
]