[
  {
    "id": "a5ad82f9-7b67-48f7-916c-524583874575",
    "data": [
      {
        "text": "Exit",
        "userDefined": false
      }
    ],
    "isTemplate": false,
    "count": 0
  },
  {
    "id": "e310fd6b-b374-44ae-84e8-72b59123915a",
    "data": [
      {
        "text": "Slut",
        "userDefined": false
      }
    ],
    "isTemplate": false,
    "count": 0
  },
  {
    "id": "1a7b3a02-e2c4-411e-ab1c-53bdd6f9602f",
    "data": [
      {
        "text": "Stop",
        "userDefined": false
      }
    ],
    "isTemplate": false,
    "count": 0
  },
  {
    "id": "0028fd2d-7e03-4bc7-a36e-3bb06bd9c7d6",
    "data": [
      {
        "text": "Sluta",
        "userDefined": false
      }
    ],
    "isTemplate": false,
    "count": 0
  },
  {
    "id": "9d549f0a-b909-4e3d-b40f-14666131408e",
    "data": [
      {
        "text": "Hej do",
        "userDefined": false
      }
    ],
    "isTemplate": false,
    "count": 0
  },
  {
    "id": "bf06192e-84fc-4a1d-ade3-cd2c068c0f91",
    "data": [
      {
        "text": "Bye",
        "userDefined": false
      }
    ],
    "isTemplate": false,
    "count": 0
  }
]