[
  {
    "id": "e75e6f24-4d41-4f7e-81cf-b045d4175947",
    "data": [
      {
        "text": "Stop",
        "userDefined": false
      }
    ],
    "isTemplate": false,
    "count": 0,
    "updated": 1547804522
  },
  {
    "id": "a8b95248-bbea-4c1f-be9d-f3dda6af5a96",
    "data": [
      {
        "text": "Exit",
        "userDefined": false
      }
    ],
    "isTemplate": false,
    "count": 0,
    "updated": 1547804522
  },
  {
    "id": "f28ac636-8003-474e-a030-ff0402ebd622",
    "data": [
      {
        "text": "Goodbye",
        "userDefined": false
      }
    ],
    "isTemplate": false,
    "count": 0,
    "updated": 1547804522
  },
  {
    "id": "c5ad65e3-f616-40c2-a281-9ef09e20cfe2",
    "data": [
      {
        "text": "Bye",
        "userDefined": false
      }
    ],
    "isTemplate": false,
    "count": 0,
    "updated": 1547804522
  },
  {
    "id": "ab5bb870-a759-4610-9f2d-60ad98a4ebf5",
    "data": [
      {
        "text": "No",
        "userDefined": false
      }
    ],
    "isTemplate": false,
    "count": 0,
    "updated": 1547804522
  }
]