[
  {
    "id": "13af68ae-0f2d-4192-adfd-767f7b83f547",
    "data": [
      {
        "text": "How can I travel from ",
        "userDefined": false
      },
      {
        "text": "Slussen",
        "alias": "origin",
        "meta": "@sys.any",
        "userDefined": true
      },
      {
        "text": " to ",
        "userDefined": false
      },
      {
        "text": "Djurgården",
        "alias": "destination",
        "meta": "@sys.any",
        "userDefined": true
      },
      {
        "text": "?",
        "userDefined": false
      }
    ],
    "isTemplate": false,
    "count": 0
  },
  {
    "id": "a0b99fb2-3809-492f-91be-e824e6929ab0",
    "data": [
      {
        "text": "How can I get from ",
        "userDefined": false
      },
      {
        "text": "Stockholm",
        "alias": "origin",
        "meta": "@sys.any",
        "userDefined": true
      },
      {
        "text": " to ",
        "userDefined": false
      },
      {
        "text": "Solna",
        "alias": "destination",
        "meta": "@sys.any",
        "userDefined": true
      },
      {
        "text": "?",
        "userDefined": false
      }
    ],
    "isTemplate": false,
    "count": 0
  },
  {
    "id": "26dd83b8-cd1a-46de-b1ca-8f7c7690c53c",
    "data": [
      {
        "text": "Tell me how I can go from ",
        "userDefined": false
      },
      {
        "text": "Solna",
        "alias": "origin",
        "meta": "@sys.any",
        "userDefined": true
      },
      {
        "text": " to ",
        "userDefined": false
      },
      {
        "text": "Odenplan",
        "alias": "destination",
        "meta": "@sys.any",
        "userDefined": true
      }
    ],
    "isTemplate": false,
    "count": 0
  }
]