[
  {
    "id": "197a0646-c853-4782-8beb-d04436b16936",
    "data": [
      {
        "text": "Who are you",
        "userDefined": false
      }
    ],
    "isTemplate": false,
    "count": 0,
    "updated": 1547804120
  },
  {
    "id": "a1f92ffa-0608-4754-99a3-d6346f8eb29a",
    "data": [
      {
        "text": "What are you",
        "userDefined": false
      }
    ],
    "isTemplate": false,
    "count": 0,
    "updated": 1547804120
  },
  {
    "id": "da43d104-6ec5-48db-ab37-ce45c83874e9",
    "data": [
      {
        "text": "What do you do",
        "userDefined": false
      }
    ],
    "isTemplate": false,
    "count": 0,
    "updated": 1547804120
  }
]