[
  {
    "id": "886b13f5-3932-40f7-bbf1-f28f7c1206cb",
    "data": [
      {
        "text": "Exit",
        "userDefined": false
      }
    ],
    "isTemplate": false,
    "count": 0
  },
  {
    "id": "ddc2d693-2dc8-4b4d-b7c1-6396373fc4a6",
    "data": [
      {
        "text": "Slut",
        "userDefined": false
      }
    ],
    "isTemplate": false,
    "count": 0
  },
  {
    "id": "9570ca4b-ae91-4cac-9636-8e60ba9f98ce",
    "data": [
      {
        "text": "Stop",
        "userDefined": false
      }
    ],
    "isTemplate": false,
    "count": 0
  },
  {
    "id": "e62d3b4d-962c-41fd-890e-e22ca39f357d",
    "data": [
      {
        "text": "Sluta",
        "userDefined": false
      }
    ],
    "isTemplate": false,
    "count": 0
  },
  {
    "id": "bd3cbe66-6cd4-423e-8014-ff8a76f10ef3",
    "data": [
      {
        "text": "Hej do",
        "userDefined": false
      }
    ],
    "isTemplate": false,
    "count": 0
  },
  {
    "id": "5d985c69-d756-4a53-8dce-ac83f66fccbf",
    "data": [
      {
        "text": "Bye",
        "userDefined": false
      }
    ],
    "isTemplate": false,
    "count": 0
  }
]