[
  {
    "id": "39156dcc-29c6-4316-9623-32f30b13aefa",
    "data": [
      {
        "text": "Stop",
        "userDefined": false
      }
    ],
    "isTemplate": false,
    "count": 0,
    "updated": 1547804522
  },
  {
    "id": "f7119bcf-24a1-4cd8-bb04-453b87042be9",
    "data": [
      {
        "text": "Exit",
        "userDefined": false
      }
    ],
    "isTemplate": false,
    "count": 0,
    "updated": 1547804522
  },
  {
    "id": "b881f59e-6079-4c35-b16f-6cdb1675af2b",
    "data": [
      {
        "text": "Goodbye",
        "userDefined": false
      }
    ],
    "isTemplate": false,
    "count": 0,
    "updated": 1547804522
  },
  {
    "id": "32cc8e6a-57fa-4872-89d5-0fa8e2eeea3e",
    "data": [
      {
        "text": "Bye",
        "userDefined": false
      }
    ],
    "isTemplate": false,
    "count": 0,
    "updated": 1547804522
  },
  {
    "id": "d8972c8f-ab87-4beb-9cd3-f9c7fc482e47",
    "data": [
      {
        "text": "No",
        "userDefined": false
      }
    ],
    "isTemplate": false,
    "count": 0,
    "updated": 1547804522
  }
]