[
  {
    "id": "3b3d5491-5ce9-4fd0-add9-916e5928ebf8",
    "data": [
      {
        "text": "När åker ",
        "userDefined": false
      },
      {
        "text": "bussen",
        "alias": "transportation-method",
        "meta": "@transportation-method",
        "userDefined": true
      },
      {
        "text": " från ",
        "userDefined": false
      },
      {
        "text": "Nybroplan",
        "alias": "location",
        "meta": "@sys.any",
        "userDefined": true
      },
      {
        "text": "?",
        "userDefined": false
      }
    ],
    "isTemplate": false,
    "count": 0
  },
  {
    "id": "9cf503e2-a642-4c6d-8482-826345b2a363",
    "data": [
      {
        "text": "Vad är nästa ",
        "userDefined": false
      },
      {
        "text": "båten",
        "alias": "transportation-method",
        "meta": "@transportation-method",
        "userDefined": true
      },
      {
        "text": " från ",
        "userDefined": false
      },
      {
        "text": "Nybroplan",
        "alias": "location",
        "meta": "@sys.any",
        "userDefined": true
      },
      {
        "text": "?",
        "userDefined": false
      }
    ],
    "isTemplate": false,
    "count": 0
  },
  {
    "id": "c9ade8bc-23bc-4f23-b1e7-29eb3b2fc32a",
    "data": [
      {
        "text": "När går nästa ",
        "userDefined": false
      },
      {
        "text": "tåg",
        "alias": "transportation-method",
        "meta": "@transportation-method",
        "userDefined": true
      },
      {
        "text": " från ",
        "userDefined": false
      },
      {
        "text": "Stockholm City",
        "alias": "location",
        "meta": "@sys.any",
        "userDefined": true
      },
      {
        "text": "?",
        "userDefined": false
      }
    ],
    "isTemplate": false,
    "count": 0
  }
]