[
  {
    "id": "8e7e0290-32ff-458b-9ae1-003e20809450",
    "data": [
      {
        "text": "Hur åker men från ",
        "userDefined": false
      },
      {
        "text": "Solna",
        "alias": "origin",
        "meta": "@sys.any",
        "userDefined": true
      },
      {
        "text": " till ",
        "userDefined": false
      },
      {
        "text": "Blockhussuden",
        "alias": "destination",
        "meta": "@sys.any",
        "userDefined": true
      },
      {
        "text": "?",
        "userDefined": false
      }
    ],
    "isTemplate": false,
    "count": 0
  },
  {
    "id": "716f661c-7606-4cfb-bcaa-3b22a39c87f3",
    "data": [
      {
        "text": "Hur kan jag resa från ",
        "userDefined": false
      },
      {
        "text": "Slussen",
        "alias": "origin",
        "meta": "@sys.any",
        "userDefined": true
      },
      {
        "text": " till ",
        "userDefined": false
      },
      {
        "text": "Gamla stan",
        "alias": "destination",
        "meta": "@sys.any",
        "userDefined": true
      },
      {
        "text": "?",
        "userDefined": false
      }
    ],
    "isTemplate": false,
    "count": 0
  },
  {
    "id": "bb642bdb-70a4-4862-b34f-4f57569621db",
    "data": [
      {
        "text": "Hur kan jag åka från ",
        "userDefined": false
      },
      {
        "text": "Stockholm City",
        "alias": "origin",
        "meta": "@sys.any",
        "userDefined": true
      },
      {
        "text": " till ",
        "userDefined": false
      },
      {
        "text": "Sollentuna",
        "alias": "destination",
        "meta": "@sys.any",
        "userDefined": true
      },
      {
        "text": "?",
        "userDefined": false
      }
    ],
    "isTemplate": false,
    "count": 0
  }
]