[
  {
    "id": "ffe63194-48b7-40ea-a3f1-9d75280c7930",
    "data": [
      {
        "text": "How can I travel from ",
        "userDefined": false
      },
      {
        "text": "Slussen",
        "alias": "origin",
        "meta": "@sys.any",
        "userDefined": true
      },
      {
        "text": " to ",
        "userDefined": false
      },
      {
        "text": "Djurgården",
        "alias": "destination",
        "meta": "@sys.any",
        "userDefined": true
      },
      {
        "text": "?",
        "userDefined": false
      }
    ],
    "isTemplate": false,
    "count": 0
  },
  {
    "id": "832456bc-8b27-4f83-b714-2be1514238b7",
    "data": [
      {
        "text": "How can I get from ",
        "userDefined": false
      },
      {
        "text": "Stockholm",
        "alias": "origin",
        "meta": "@sys.any",
        "userDefined": true
      },
      {
        "text": " to ",
        "userDefined": false
      },
      {
        "text": "Solna",
        "alias": "destination",
        "meta": "@sys.any",
        "userDefined": true
      },
      {
        "text": "?",
        "userDefined": false
      }
    ],
    "isTemplate": false,
    "count": 0
  },
  {
    "id": "6f545e88-6aa8-48db-a4e1-10d2200602f2",
    "data": [
      {
        "text": "Tell me how I can go from ",
        "userDefined": false
      },
      {
        "text": "Solna",
        "alias": "origin",
        "meta": "@sys.any",
        "userDefined": true
      },
      {
        "text": " to ",
        "userDefined": false
      },
      {
        "text": "Odenplan",
        "alias": "destination",
        "meta": "@sys.any",
        "userDefined": true
      }
    ],
    "isTemplate": false,
    "count": 0
  }
]