[
  {
    "id": "1d6de01d-c326-49a3-9782-7819026b0c85",
    "data": [
      {
        "text": "Hur åker men från ",
        "userDefined": false
      },
      {
        "text": "Solna",
        "alias": "origin",
        "meta": "@sys.any",
        "userDefined": true
      },
      {
        "text": " till ",
        "userDefined": false
      },
      {
        "text": "Blockhussuden",
        "alias": "destination",
        "meta": "@sys.any",
        "userDefined": true
      },
      {
        "text": "?",
        "userDefined": false
      }
    ],
    "isTemplate": false,
    "count": 0
  },
  {
    "id": "fdf2ca4f-9c35-44e0-bf1b-8f8b2fd957ce",
    "data": [
      {
        "text": "Hur kan jag resa från ",
        "userDefined": false
      },
      {
        "text": "Slussen",
        "alias": "origin",
        "meta": "@sys.any",
        "userDefined": true
      },
      {
        "text": " till ",
        "userDefined": false
      },
      {
        "text": "Gamla stan",
        "alias": "destination",
        "meta": "@sys.any",
        "userDefined": true
      },
      {
        "text": "?",
        "userDefined": false
      }
    ],
    "isTemplate": false,
    "count": 0
  },
  {
    "id": "f1fb7729-9350-4560-9f61-3455343a3d89",
    "data": [
      {
        "text": "Hur kan jag åka från ",
        "userDefined": false
      },
      {
        "text": "Stockholm City",
        "alias": "origin",
        "meta": "@sys.any",
        "userDefined": true
      },
      {
        "text": " till ",
        "userDefined": false
      },
      {
        "text": "Sollentuna",
        "alias": "destination",
        "meta": "@sys.any",
        "userDefined": true
      },
      {
        "text": "?",
        "userDefined": false
      }
    ],
    "isTemplate": false,
    "count": 0
  }
]