[
  {
    "id": "68e8c5a3-dcd7-4ffe-9ddd-425073000666",
    "data": [
      {
        "text": "När åker ",
        "userDefined": false
      },
      {
        "text": "bussen",
        "alias": "transportation-method",
        "meta": "@transportation-method",
        "userDefined": true
      },
      {
        "text": " från ",
        "userDefined": false
      },
      {
        "text": "Nybroplan",
        "alias": "location",
        "meta": "@sys.any",
        "userDefined": true
      },
      {
        "text": "?",
        "userDefined": false
      }
    ],
    "isTemplate": false,
    "count": 0
  },
  {
    "id": "e9af2fd0-b373-4ada-b5bd-41f3144bd6f6",
    "data": [
      {
        "text": "Vad är nästa ",
        "userDefined": false
      },
      {
        "text": "båten",
        "alias": "transportation-method",
        "meta": "@transportation-method",
        "userDefined": true
      },
      {
        "text": " från ",
        "userDefined": false
      },
      {
        "text": "Nybroplan",
        "alias": "location",
        "meta": "@sys.any",
        "userDefined": true
      },
      {
        "text": "?",
        "userDefined": false
      }
    ],
    "isTemplate": false,
    "count": 0
  },
  {
    "id": "bd52c382-cc16-4b6b-b2fe-e46ca1456330",
    "data": [
      {
        "text": "När går nästa ",
        "userDefined": false
      },
      {
        "text": "tåg",
        "alias": "transportation-method",
        "meta": "@transportation-method",
        "userDefined": true
      },
      {
        "text": " från ",
        "userDefined": false
      },
      {
        "text": "Stockholm City",
        "alias": "location",
        "meta": "@sys.any",
        "userDefined": true
      },
      {
        "text": "?",
        "userDefined": false
      }
    ],
    "isTemplate": false,
    "count": 0
  }
]