[
  {
    "id": "2a888732-7322-47b4-a8a4-10513c6b1014",
    "data": [
      {
        "text": "Jag vill veta mer om kollektivtrafik",
        "userDefined": false
      }
    ],
    "isTemplate": false,
    "count": 0
  },
  {
    "id": "2db5f841-c6f2-4c05-bfc5-91ab4c4e2605",
    "data": [
      {
        "text": "kan du säga någonting om kollektivtrafik?",
        "userDefined": false
      }
    ],
    "isTemplate": false,
    "count": 0
  },
  {
    "id": "454d0a70-be46-45d3-9730-608d824b98ce",
    "data": [
      {
        "text": "Ge information kring kollektivtrafik",
        "userDefined": false
      }
    ],
    "isTemplate": false,
    "count": 0
  },
  {
    "id": "97ff9dc3-20d5-4f45-98dd-6effe0345824",
    "data": [
      {
        "text": "Vad är nästa avång?",
        "userDefined": false
      }
    ],
    "isTemplate": false,
    "count": 0
  },
  {
    "id": "ae716f2b-493d-40d8-a618-83892e3a1b6d",
    "data": [
      {
        "text": "Hur kan jag åka kollektivt?",
        "userDefined": false
      }
    ],
    "isTemplate": false,
    "count": 0
  },
  {
    "id": "8647c33a-d599-4054-8c2d-b53ec70890fe",
    "data": [
      {
        "text": "Ge information om kollektivtrafik",
        "userDefined": false
      }
    ],
    "isTemplate": false,
    "count": 0
  }
]