[
  {
    "id": "197e178c-edf2-495f-a8ec-f7b3f7b4bbbc",
    "data": [
      {
        "text": "Tell me when the next ",
        "userDefined": false
      },
      {
        "text": "train",
        "alias": "transportation-method",
        "meta": "@transportation-method",
        "userDefined": false
      },
      {
        "text": " leaves",
        "userDefined": false
      }
    ],
    "isTemplate": false,
    "count": 0
  },
  {
    "id": "1bd2a13b-e4bc-45db-9131-89c94a0b4aec",
    "data": [
      {
        "text": "Can you tell me something about public transport",
        "userDefined": false
      }
    ],
    "isTemplate": false,
    "count": 0
  },
  {
    "id": "3ca0d502-c151-42fd-b195-89607e708019",
    "data": [
      {
        "text": "I want to take a ",
        "userDefined": false
      },
      {
        "text": "subway",
        "alias": "transportation-method",
        "meta": "@transportation-method",
        "userDefined": false
      }
    ],
    "isTemplate": false,
    "count": 0
  },
  {
    "id": "71265b6b-a484-4893-94c8-ef28758af3ff",
    "data": [
      {
        "text": "I have a question about public transport",
        "userDefined": false
      }
    ],
    "isTemplate": false,
    "count": 0
  },
  {
    "id": "f7c451ea-e545-48c7-96d1-9b1638aa8592",
    "data": [
      {
        "text": "Talk to Stockholm public transport",
        "userDefined": false
      }
    ],
    "isTemplate": false,
    "count": 0,
    "updated": 1547804417
  },
  {
    "id": "4d92b2ec-c01f-46a6-819f-1d162dc39926",
    "data": [
      {
        "text": "Show me information on public transport in ",
        "userDefined": false
      },
      {
        "text": "Stockholm",
        "meta": "@sys.ignore",
        "userDefined": false
      }
    ],
    "isTemplate": false,
    "count": 0,
    "updated": 1547804417
  },
  {
    "id": "bdace404-315e-4437-b3f4-142435da289e",
    "data": [
      {
        "text": "I want to take a ",
        "userDefined": false
      },
      {
        "text": "train",
        "alias": "transportation-method",
        "meta": "@transportation-method",
        "userDefined": false
      }
    ],
    "isTemplate": false,
    "count": 0
  },
  {
    "id": "06949690-a0c2-40eb-b748-546c2b174389",
    "data": [
      {
        "text": "Tell me about public transport",
        "userDefined": false
      }
    ],
    "isTemplate": false,
    "count": 0
  },
  {
    "id": "3812f689-6684-4f78-985b-2715c3ec4350",
    "data": [
      {
        "text": "I want to travel with public transport",
        "userDefined": false
      }
    ],
    "isTemplate": false,
    "count": 0
  },
  {
    "id": "bd67c8f7-77ed-4689-85ee-c6d17a706916",
    "data": [
      {
        "text": "Ok google, talk to Stockholms public transport",
        "userDefined": false
      }
    ],
    "isTemplate": false,
    "count": 0,
    "updated": 1547804417
  },
  {
    "id": "3ee50c19-7ca1-41f6-a030-43d109f4234c",
    "data": [
      {
        "text": "I want to take a ",
        "userDefined": false
      },
      {
        "text": "bus",
        "alias": "transportation-method",
        "meta": "@transportation-method",
        "userDefined": false
      }
    ],
    "isTemplate": false,
    "count": 1
  }
]