[
  {
    "id": "4be3fa2e-67f9-4d65-8fd2-3bbfaff45c28",
    "data": [
      {
        "text": "Jag vill veta mer om kollektivtrafik",
        "userDefined": false
      }
    ],
    "isTemplate": false,
    "count": 0
  },
  {
    "id": "30c0ae6b-aba7-4c6a-a940-8e07e25ca93a",
    "data": [
      {
        "text": "kan du säga någonting om kollektivtrafik?",
        "userDefined": false
      }
    ],
    "isTemplate": false,
    "count": 0
  },
  {
    "id": "13e0e439-b368-41e2-9571-63b251800028",
    "data": [
      {
        "text": "Ge information kring kollektivtrafik",
        "userDefined": false
      }
    ],
    "isTemplate": false,
    "count": 0
  },
  {
    "id": "2398cc01-0ac4-4e44-80a2-faa3feedad32",
    "data": [
      {
        "text": "Vad är nästa avång?",
        "userDefined": false
      }
    ],
    "isTemplate": false,
    "count": 0
  },
  {
    "id": "a00dcd0b-724e-4f33-bf8d-86c4674b1111",
    "data": [
      {
        "text": "Hur kan jag åka kollektivt?",
        "userDefined": false
      }
    ],
    "isTemplate": false,
    "count": 0
  },
  {
    "id": "98dc1f80-e781-4ad7-8281-e25f4a123630",
    "data": [
      {
        "text": "Ge information om kollektivtrafik",
        "userDefined": false
      }
    ],
    "isTemplate": false,
    "count": 0
  }
]