[
  {
    "id": "fa3b56ee-21b7-4e25-a283-64c4b9df092d",
    "data": [
      {
        "text": "Tell me when the next ",
        "userDefined": false
      },
      {
        "text": "train",
        "alias": "transportation-method",
        "meta": "@transportation-method",
        "userDefined": false
      },
      {
        "text": " leaves",
        "userDefined": false
      }
    ],
    "isTemplate": false,
    "count": 0
  },
  {
    "id": "c98d1907-b81f-4e24-8f39-fa77b5ae9b0d",
    "data": [
      {
        "text": "Can you tell me something about public transport",
        "userDefined": false
      }
    ],
    "isTemplate": false,
    "count": 0
  },
  {
    "id": "a00c34df-143c-4ee3-a667-563e4f679a69",
    "data": [
      {
        "text": "I want to take a ",
        "userDefined": false
      },
      {
        "text": "subway",
        "alias": "transportation-method",
        "meta": "@transportation-method",
        "userDefined": false
      }
    ],
    "isTemplate": false,
    "count": 0
  },
  {
    "id": "7103e09a-4323-423b-b040-41407e6d688b",
    "data": [
      {
        "text": "I have a question about public transport",
        "userDefined": false
      }
    ],
    "isTemplate": false,
    "count": 0
  },
  {
    "id": "8cf99df3-1027-4995-95f8-765cd47414b1",
    "data": [
      {
        "text": "Talk to Stockholm public transport",
        "userDefined": false
      }
    ],
    "isTemplate": false,
    "count": 0,
    "updated": 1547804417
  },
  {
    "id": "2f8d8894-054f-4ea8-b6a6-da14a92f6f96",
    "data": [
      {
        "text": "Show me information on public transport in ",
        "userDefined": false
      },
      {
        "text": "Stockholm",
        "meta": "@sys.ignore",
        "userDefined": false
      }
    ],
    "isTemplate": false,
    "count": 0,
    "updated": 1547804417
  },
  {
    "id": "047ee975-d217-4927-b451-3362ac8019ba",
    "data": [
      {
        "text": "I want to take a ",
        "userDefined": false
      },
      {
        "text": "train",
        "alias": "transportation-method",
        "meta": "@transportation-method",
        "userDefined": false
      }
    ],
    "isTemplate": false,
    "count": 0
  },
  {
    "id": "37acebca-75a8-4779-a6b1-e8565bf77177",
    "data": [
      {
        "text": "Tell me about public transport",
        "userDefined": false
      }
    ],
    "isTemplate": false,
    "count": 0
  },
  {
    "id": "5503c17a-1463-4a46-87ee-81dcf81482db",
    "data": [
      {
        "text": "I want to travel with public transport",
        "userDefined": false
      }
    ],
    "isTemplate": false,
    "count": 0
  },
  {
    "id": "bd0cb63b-f922-46c4-8133-e614722a7e79",
    "data": [
      {
        "text": "Ok google, talk to Stockholms public transport",
        "userDefined": false
      }
    ],
    "isTemplate": false,
    "count": 0,
    "updated": 1547804417
  },
  {
    "id": "8b3a2d30-12a6-471a-8be5-0224b6dba896",
    "data": [
      {
        "text": "I want to take a ",
        "userDefined": false
      },
      {
        "text": "bus",
        "alias": "transportation-method",
        "meta": "@transportation-method",
        "userDefined": false
      }
    ],
    "isTemplate": false,
    "count": 1
  }
]