[
  {
    "id": "c48515b3-c308-4b76-8ba4-70d04f88b2de",
    "data": [
      {
        "text": "Who are you",
        "userDefined": false
      }
    ],
    "isTemplate": false,
    "count": 0,
    "updated": 1547804120
  },
  {
    "id": "74b63a4b-b68a-4ab2-b177-505260020c69",
    "data": [
      {
        "text": "What are you",
        "userDefined": false
      }
    ],
    "isTemplate": false,
    "count": 0,
    "updated": 1547804120
  },
  {
    "id": "cbb783a4-999f-4495-85e0-b946425425c2",
    "data": [
      {
        "text": "What do you do",
        "userDefined": false
      }
    ],
    "isTemplate": false,
    "count": 0,
    "updated": 1547804120
  }
]