[
  {
    "value": "bus",
    "synonyms": [
      "bus",
      "busses",
      "coach"
    ]
  },
  {
    "value": "metro",
    "synonyms": [
      "metro",
      "subway",
      "metros",
      "subway line",
      "subway lines"
    ]
  },
  {
    "value": "train",
    "synonyms": [
      "train",
      "railway",
      "trains",
      "commuter train"
    ]
  },
  {
    "value": "ferry",
    "synonyms": [
      "boat",
      "ferry",
      "ferries",
      "boats",
      "ship"
    ]
  },
  {
    "value": "tram",
    "synonyms": [
      "tram",
      "trams"
    ]
  }
]