[
  {
    "value": "ferry",
    "synonyms": [
      "ferry",
      "båt",
      "båten"
    ]
  },
  {
    "value": "bus",
    "synonyms": [
      "bus",
      "buss",
      "bussen",
      "bussarna",
      "bussar"
    ]
  },
  {
    "value": "tram",
    "synonyms": [
      "tram",
      "spårväg",
      "tvärbanan"
    ]
  },
  {
    "value": "train",
    "synonyms": [
      "train",
      "tåg",
      "pendeltåg",
      "pendeltåget",
      "tåget",
      "snabbtåg"
    ]
  },
  {
    "value": "metro",
    "synonyms": [
      "metro",
      "tunnelbana",
      "tunnelbanan"
    ]
  }
]