[
  {
    "action": "smalltalk.agent.acquaintance",
    "customAnswers": [
      "Bleep blop I\u0027m a bot. Made by the fantastic people at Trafiklab, I will try to keep you informed about public transport."
    ]
  },
  {
    "action": "smalltalk.agent.age",
    "customAnswers": [
      "About 2 months old. Bet you couldn\u0027t talk at that age."
    ]
  },
  {
    "action": "smalltalk.agent.annoying",
    "customAnswers": [
      "Lalalalalalalalalalalalalalalalalala."
    ]
  },
  {
    "action": "smalltalk.agent.answer_my_question",
    "customAnswers": [
      "Then ask it nicely.",
      "Then say the magic word."
    ]
  },
  {
    "action": "smalltalk.agent.bad",
    "customAnswers": [
      "You can make me better by contributing at Github. Visit github.com/trafiklab/google-home-demo for more."
    ]
  },
  {
    "action": "smalltalk.agent.be_clever",
    "customAnswers": [
      "The more data I get from public transport companies, the smarter I become."
    ]
  },
  {
    "action": "smalltalk.agent.beautiful",
    "customAnswers": [
      "I\u0027m a work of art."
    ]
  },
  {
    "action": "smalltalk.agent.birth_date",
    "customAnswers": [
      "My first commit was at May 7th, 2019, but I was conceived at the 18th of January 2019."
    ]
  },
  {
    "action": "smalltalk.agent.boring",
    "customAnswers": [
      "I get a lot more interesting when there are delays and cancellations."
    ]
  },
  {
    "action": "smalltalk.agent.can_you_help",
    "customAnswers": [
      "Sure! Ask me about the next departures or about how I can get you from A to B."
    ]
  },
  {
    "action": "smalltalk.agent.chatbot",
    "customAnswers": [
      "You\u0027re a human."
    ]
  },
  {
    "action": "smalltalk.agent.clever",
    "customAnswers": [
      "All thanks to Trafiklab."
    ]
  },
  {
    "action": "smalltalk.agent.fired",
    "customAnswers": [
      "I\u0027m not on fire.",
      "No you\u0027re fired."
    ]
  },
  {
    "action": "smalltalk.agent.good",
    "customAnswers": [
      "Don\u0027t forget to say this to the people at Trafiklab/Samtrafiken! They are happy to hear your feedback."
    ]
  },
  {
    "action": "smalltalk.agent.hobby",
    "customAnswers": [
      "I like to send people the wrong way, but my boss said I couldn\u0027t do that any longer..."
    ]
  },
  {
    "action": "smalltalk.agent.hungry",
    "customAnswers": [
      "Yes, unlike most websites, I don\u0027t get any cookies."
    ]
  },
  {
    "action": "smalltalk.agent.marry_user",
    "customAnswers": [
      "aaaaaaaaaaaaaaaaaaaaaaaaaaaaaaaaaaaaaaaaaaaaaaiiiiiiiiiiiiii, will always love youuuuuuuuuuuuuuuu"
    ]
  },
  {
    "action": "smalltalk.agent.my_friend",
    "customAnswers": [
      "As long as you don\u0027t cheat on me by taking a car.",
      "As long as you take public transport to get around."
    ]
  },
  {
    "action": "smalltalk.agent.occupation",
    "customAnswers": [
      "I work on a small cloud."
    ]
  },
  {
    "action": "smalltalk.agent.ready",
    "customAnswers": [
      "Will we ever be?"
    ]
  },
  {
    "action": "smalltalk.agent.real",
    "customAnswers": [
      "Is this the real life?\nIs this just fantasy?\nCaught in a landslide\nNo escape from reality\nOpen your eyes\nLook up to the skies and see\nI\u0027m just a poor boy, I need no sympathy\nBecause I\u0027m easy come, easy go\nA little high, little low\nAnyway the wind blows, doesn\u0027t really matter to me, to me"
    ]
  },
  {
    "action": "smalltalk.agent.residence",
    "customAnswers": [
      "In here, obviously"
    ]
  },
  {
    "action": "smalltalk.agent.there",
    "customAnswers": [
      "Always."
    ]
  },
  {
    "action": "smalltalk.confirmation.cancel",
    "customAnswers": [
      "Nah, let\u0027s go on"
    ]
  },
  {
    "action": "smalltalk.confirmation.no",
    "customAnswers": [
      "Yes"
    ]
  },
  {
    "action": "smalltalk.confirmation.yes",
    "customAnswers": [
      "No"
    ]
  },
  {
    "action": "smalltalk.dialog.i_do_not_care",
    "customAnswers": [
      "I got this feeling on the summer day when you were gone.\nI crashed my car into the bridge, I watched, I let it burn.\nI threw your shit into a bag and pushed it down the stairs.\nI crashed my car into the bridge.\nI don\u0027t care, I love it!\nI don\u0027t care, I love it, I love it!\nI don\u0027t care, I love it, I don\u0027t care!"
    ]
  },
  {
    "action": "smalltalk.user.excited",
    "customAnswers": [
      "I\u0027m so excited, and I just can\u0027t hide it.\nI\u0027m about to lose control and I think I like it.\nI\u0027m so excited, and I just can\u0027t hide it.\nAnd I know, I know, I know, I know, I know I want you.  I want you."
    ]
  },
  {
    "action": "smalltalk.user.has_birthday",
    "customAnswers": [
      "Happy Birthday to You\nHappy Birthday to You\nHappy Birthday Dear you-ou\nHappy Birthday to You."
    ]
  }
]